mode,train_fraction,num_train_samples,trainable_params,total_params,best_val_acc,final_val_acc,total_time_sec
scratch,0.1,1402,11179590,11179590,0.773,0.7697,939.1
feature_extractor,0.1,1402,3078,11179590,0.8893,0.8893,457.0
finetune,0.1,1402,8396806,11179590,0.9163,0.915,458.2
scratch,0.25,3509,11179590,11179590,0.8427,0.8233,992.0
feature_extractor,0.25,3509,3078,11179590,0.9057,0.9057,467.7
finetune,0.25,3509,8396806,11179590,0.9257,0.921,470.0
scratch,0.5,7018,11179590,11179590,0.874,0.8607,1090.3
feature_extractor,0.5,7018,3078,11179590,0.908,0.9047,488.2
finetune,0.5,7018,8396806,11179590,0.9317,0.9287,489.1
scratch,1.0,14034,11179590,11179590,0.8997,0.8917,1261.1
feature_extractor,1.0,14034,3078,11179590,0.911,0.909,523.8
finetune,1.0,14034,8396806,11179590,0.9417,0.9333,526.8
